{"cameraMode":{"drawMode":0,"name":"Shaded","section":"Shading Mode"},"sceneLighting":true,"audioPlay":false,"sceneViewState":{"m_AlwaysRefresh":false,"showFog":true,"showSkybox":true,"showFlares":true,"showImageEffects":true,"showParticleSystems":true,"showVisualEffectGraphs":true,"m_FxEnabled":false},"in2DMode":false,"pivot":{"x":26.22573471069336,"y":0.8726904988288879,"z":-30.08538246154785},"rotation":{"x":-0.06532987207174301,"y":-0.7784770131111145,"z":0.08195913583040238,"w":-0.6189232468605042},"size":0.09799312800168991,"orthographic":false}